Model,Accuracy
KNN,0.9681818181818181
Logistic Regression,0.9636363636363636
SVM,0.9681818181818181
Random Forest,0.9931818181818182
